{"cameraMode":{"drawMode":0,"name":"Shaded","section":"Shading Mode"},"sceneLighting":false,"audioPlay":false,"sceneViewState":{"showFog":true,"showMaterialUpdate":false,"showSkybox":false,"showFlares":true,"showImageEffects":true,"showParticleSystems":true},"in2DMode":false,"pivot":{"x":1.7000000476837159,"y":2.549999952316284,"z":0.0},"rotation":{"x":0.06770677119493485,"y":-0.03890557587146759,"z":0.0026422059163451196,"w":0.996942937374115},"size":10.119399070739746,"orthographic":false}