{"cameraMode":{"drawMode":0,"name":"Shaded","section":"Shading Mode"},"sceneLighting":false,"audioPlay":false,"sceneViewState":{"showFog":false,"showMaterialUpdate":false,"showSkybox":false,"showFlares":false,"showImageEffects":false,"showParticleSystems":true},"in2DMode":false,"pivot":{"x":1.7000000476837159,"y":2.5500001907348635,"z":0.0},"rotation":{"x":-0.09646284580230713,"y":0.35624516010284426,"z":-0.037003111094236377,"w":-0.9286631345748901},"size":38.767005920410159,"orthographic":false}